<application>
  <component name="CodeStyleSchemesUIConfiguration">
    <option name="RECENT_IMPORT_FILE_LOCATION" value="file:$USER_HOME$/Documents/zilliz_code_style_for_clion.xml" />
  </component>
  <component name="CppNewDialogSettings">
    <option name="addNewFilesToProject" value="false" />
  </component>
  <component name="PropertiesComponent">
    <property name="CommitChangeListDialog.DETAILS_SPLITTER_PROPORTION_2" value="0.60599333" />
    <property name="Copy.OpenInEditor" value="true" />
    <property name="ExpandBeforeRunStepsPanel" value="true" />
    <property name="ExpandRunDashboardTypesPanel" value="false" />
    <property name="FileTemplates.SelectedTemplate" value="C Header File" />
    <property name="InstalledPluginsSearchHistory" value="java" />
    <property name="KEYMAP" value="reformat" />
    <property name="LayoutCode.optimizeImports" value="false" />
    <property name="LayoutCode.processChangedText" value="false" />
    <property name="LayoutCode.rearrangeEntriesCMake" value="false" />
    <property name="SettingsSearchHistory" value="code&#10;compiler&#10;Templater&#10;Target" />
    <property name="TrendingPluginsSearchHistory" value="java&#10;cuda&#10;tag:&quot;Build Runners&quot;&#10;vim" />
    <property name="com.intellij.history.integration.ui.views.DirectoryHistoryDialog.0" value="300" />
    <property name="com.intellij.history.integration.ui.views.FileHistoryDialog.0" value="300" />
    <property name="com.intellij.history.integration.ui.views.FileHistoryDialog.1" value="800" />
    <property name="evlsprt3.183" value="19" />
    <property name="file.chooser.recent.files" value="$USER_HOME$/arrow&#10;/home/zilliz/zdb/zdb_lib&#10;/home/zilliz/orc&#10;/home/zilliz/zdb/zdb_archive&#10;/home/zilliz/zdb/zdb_store&#10;/home/zilliz/StringFilter&#10;/home/zilliz/kudu&#10;/home/zilliz/parquet-cpp&#10;/home/zilliz/zdb/zdb_storage&#10;/home/zilliz/zdb/zdb_engine&#10;/home/zilliz/StringResearch&#10;/home/zilliz/zdb/zdb_string&#10;/tmp/orc&#10;/home/zilliz/zdb/zdb_file&#10;/home/zilliz/cpp_redis&#10;/home/zilliz/zdb_file&#10;/home/zilliz/redis-5.0.3&#10;/home/zilliz/Impala&#10;/home/zilliz/zdb/zdb_server&#10;/home/zilliz/impala&#10;/home/zilliz/zdb/zdb_agent&#10;/home/zilliz/examples.desktop&#10;/home/zilliz/zdb/zdb_optimizer&#10;/home/zilliz/CLionProjects/research&#10;/home/zilliz/research" />
    <property name="file.gist.reindex.count" value="166410" />
    <property name="fileTypeChangedCounter" value="2" />
    <property name="ideavim.statistics.timestamp" value="1552408377057" />
    <property name="ts.lib.d.ts.version" value="3.2.1" />
    <property name="vcs.history.diff.splitter.proportion" value="0.005557026" />
  </component>
</application>