<application>
  <component name="WebServers">
    <option name="servers">
      <webServer id="f7aa9884-acee-4c52-aeff-855dd6bd5e47" name="WSL (f7aa9884-acee-4c52-aeff-855dd6bd5e47)" url="http:///">
        <fileTransfer host="localhost" port="2222" accessType="SFTP">
          <option name="port" value="2222" />
        </fileTransfer>
      </webServer>
      <webServer id="aa3859dd-fef3-47c9-a23e-eec6d3ded6f4" name="WSL (aa3859dd-fef3-47c9-a23e-eec6d3ded6f4)" url="http:///">
        <fileTransfer host="localhost" port="2222" rootFolder="/home/ming" accessType="SFTP">
          <option name="port" value="2222" />
        </fileTransfer>
      </webServer>
    </option>
  </component>
</application>